[
  {
    "code": "IR",
    "name": "ایران",
    "provinces": [
      {
        "id": 100,
        "name": "مرکزی",
        "slug": "مرکزی",
        "tel_prefix": "086"
      },
      {
        "id": 101,
        "name": "گیلان",
        "slug": "گیلان",
        "tel_prefix": "013"
      },
      {
        "id": 102,
        "name": "مازندران",
        "slug": "مازندران",
        "tel_prefix": "011"
      },
      {
        "id": 103,
        "name": "آذربایجان شرقی",
        "slug": "آذربایجان-شرقی",
        "tel_prefix": "041"
      },
      {
        "id": 104,
        "name": "آذربایجان غربی",
        "slug": "آذربایجان-غربی",
        "tel_prefix": "044"
      },
      {
        "id": 105,
        "name": "کرمانشاه",
        "slug": "کرمانشاه",
        "tel_prefix": "083"
      },
      {
        "id": 106,
        "name": "خوزستان",
        "slug": "خوزستان",
        "tel_prefix": "061"
      },
      {
        "id": 107,
        "name": "فارس",
        "slug": "فارس",
        "tel_prefix": "071"
      },
      {
        "id": 108,
        "name": "کرمان",
        "slug": "کرمان",
        "tel_prefix": "034"
      },
      {
        "id": 109,
        "name": "خراسان رضوی",
        "slug": "خراسان-رضوی",
        "tel_prefix": "051"
      },
      {
        "id": 110,
        "name": "اصفهان",
        "slug": "اصفهان",
        "tel_prefix": "031"
      },
      {
        "id": 111,
        "name": "سیستان و بلوچستان",
        "slug": "سیستان-و-بلوچستان",
        "tel_prefix": "054"
      },
      {
        "id": 112,
        "name": "کردستان",
        "slug": "کردستان",
        "tel_prefix": "087"
      },
      {
        "id": 113,
        "name": "همدان",
        "slug": "همدان",
        "tel_prefix": "081"
      },
      {
        "id": 114,
        "name": "چهارمحال و بختیاری",
        "slug": "چهارمحال-و-بختیاری",
        "tel_prefix": "038"
      },
      {
        "id": 115,
        "name": "لرستان",
        "slug": "لرستان",
        "tel_prefix": "066"
      },
      {
        "id": 116,
        "name": "ایلام",
        "slug": "ایلام",
        "tel_prefix": "084"
      },
      {
        "id": 117,
        "name": "کهگیلویه و بویراحمد",
        "slug": "کهگیلویه-و-بویراحمد",
        "tel_prefix": "074"
      },
      {
        "id": 118,
        "name": "بوشهر",
        "slug": "بوشهر",
        "tel_prefix": "077"
      },
      {
        "id": 119,
        "name": "زنجان",
        "slug": "زنجان",
        "tel_prefix": "024"
      },
      {
        "id": 120,
        "name": "سمنان",
        "slug": "سمنان",
        "tel_prefix": "023"
      },
      {
        "id": 121,
        "name": "یزد",
        "slug": "یزد",
        "tel_prefix": "035"
      },
      {
        "id": 122,
        "name": "هرمزگان",
        "slug": "هرمزگان",
        "tel_prefix": "076"
      },
      {
        "id": 123,
        "name": "تهران",
        "slug": "تهران",
        "tel_prefix": "021"
      },
      {
        "id": 124,
        "name": "اردبیل",
        "slug": "اردبیل",
        "tel_prefix": "045"
      },
      {
        "id": 125,
        "name": "قم",
        "slug": "قم",
        "tel_prefix": "025"
      },
      {
        "id": 126,
        "name": "قزوین",
        "slug": "قزوین",
        "tel_prefix": "028"
      },
      {
        "id": 127,
        "name": "گلستان",
        "slug": "گلستان",
        "tel_prefix": "017"
      },
      {
        "id": 128,
        "name": "خراسان شمالی",
        "slug": "خراسان-شمالی",
        "tel_prefix": "058"
      },
      {
        "id": 129,
        "name": "خراسان جنوبی",
        "slug": "خراسان-جنوبی",
        "tel_prefix": "056"
      },
      {
        "id": 130,
        "name": "البرز",
        "slug": "البرز",
        "tel_prefix": "026"
      }
    ]
  },
  { "code": "AD", "name": "آندورا" },
  { "code": "AE", "name": "امارات متحده عربی" },
  { "code": "AF", "name": "افغانستان" },
  { "code": "AG", "name": "آنتیگوا و باربودا" },
  { "code": "AI", "name": "آنگویلا" },
  { "code": "AL", "name": "آلبانی" },
  { "code": "AM", "name": "ارمنستان" },
  { "code": "AO", "name": "آنگولا" },
  { "code": "AQ", "name": "جنوبگان" },
  { "code": "AR", "name": "آرژانتین" },
  { "code": "AS", "name": "ساموآی آمریکا" },
  { "code": "AT", "name": "اتریش" },
  { "code": "AU", "name": "استرالیا" },
  { "code": "AW", "name": "آروبا" },
  { "code": "AX", "name": "جزایر آلند" },
  { "code": "AZ", "name": "جمهوری آذربایجان" },
  { "code": "BA", "name": "بوسنی و هرزگوین" },
  { "code": "BB", "name": "باربادوس" },
  { "code": "BD", "name": "بنگلادش" },
  { "code": "BE", "name": "بلژیک" },
  { "code": "BF", "name": "بورکینا فاسو" },
  { "code": "BG", "name": "بلغارستان" },
  { "code": "BH", "name": "بحرین" },
  { "code": "BI", "name": "بوروندی" },
  { "code": "BJ", "name": "بنین" },
  { "code": "BL", "name": "سنت بارثلمی" },
  { "code": "BM", "name": "برمودا" },
  { "code": "BN", "name": "برونئی" },
  { "code": "BO", "name": "بولیوی" },
  { "code": "BQ", "name": "هلند کارائیب" },
  { "code": "BR", "name": "برزیل" },
  { "code": "BS", "name": "باهاما" },
  { "code": "BT", "name": "بوتان" },
  { "code": "BV", "name": "جزیره بووه" },
  { "code": "BW", "name": "بوتسوانا" },
  { "code": "BY", "name": "بلاروس" },
  { "code": "BZ", "name": "بلیز" },
  { "code": "CA", "name": "کانادا" },
  { "code": "CC", "name": "جزایر کوکوس" },
  { "code": "CD", "name": "جمهوری دموکراتیک کنگو" },
  { "code": "CF", "name": "جمهوری آفریقای مرکزی" },
  { "code": "CG", "name": "جمهوری کنگو" },
  { "code": "CH", "name": "سوئیس" },
  { "code": "CI", "name": "ساحل عاج" },
  { "code": "CK", "name": "جزایر کوک" },
  { "code": "CL", "name": "شیلی" },
  { "code": "CM", "name": "کامرون" },
  { "code": "CN", "name": "چین" },
  { "code": "CO", "name": "کلمبیا" },
  { "code": "CR", "name": "کاستاریکا" },
  { "code": "CU", "name": "کوبا" },
  { "code": "CV", "name": "کیپ ورد" },
  { "code": "CW", "name": "کوراسائو" },
  { "code": "CX", "name": "جزیره کریسمس" },
  { "code": "CY", "name": "قبرس" },
  { "code": "CZ", "name": "جمهوری چک" },
  { "code": "DE", "name": "آلمان" },
  { "code": "DJ", "name": "جیبوتی" },
  { "code": "DK", "name": "دانمارک" },
  { "code": "DM", "name": "دومینیکا" },
  { "code": "DO", "name": "دومینیکا" },
  { "code": "DZ", "name": "الجزایر" },
  { "code": "EC", "name": "اکوادور" },
  { "code": "EE", "name": "استونی" },
  { "code": "EG", "name": "مصر" },
  { "code": "EH", "name": "صحرای غربی" },
  { "code": "ER", "name": "اریتره" },
  { "code": "ES", "name": "اسپانیا" },
  { "code": "ET", "name": "اتیوپی" },
  { "code": "FI", "name": "فنلاند" },
  { "code": "FJ", "name": "فیجی" },
  { "code": "FK", "name": "جزایر فالکلند" },
  { "code": "FM", "name": "ایالات فدرال میکرونزی" },
  { "code": "FO", "name": "جزایر فارو" },
  { "code": "FR", "name": "فرانسه" },
  { "code": "GA", "name": "گابن" },
  { "code": "GB", "name": "انگلستان" },
  { "code": "GD", "name": "گرانادا" },
  { "code": "GE", "name": "گرجستان" },
  { "code": "GF", "name": "گویان فرانسه" },
  { "code": "GG", "name": "گرنزی" },
  { "code": "GH", "name": "غنا" },
  { "code": "GI", "name": "جبل الطارق" },
  { "code": "GL", "name": "گرینلند" },
  { "code": "GM", "name": "گامبیا" },
  { "code": "GN", "name": "گینه" },
  { "code": "GP", "name": "جزیره گوادلوپ" },
  { "code": "GQ", "name": "گینه استوایی" },
  { "code": "GR", "name": "یونان" },
  { "code": "GS", "name": "جزایر جورجیای جنوبی و ساندویچ جنوبی" },
  { "code": "GT", "name": "گواتمالا" },
  { "code": "GU", "name": "گوام" },
  { "code": "GW", "name": "گینه بیسائو" },
  { "code": "GY", "name": "گویان" },
  { "code": "HK", "name": "هنگ کنگ" },
  { "code": "HM", "name": "جزیره هرد و جزایر مک دونالد" },
  { "code": "HN", "name": "هندوراس" },
  { "code": "HR", "name": "کرواسی" },
  { "code": "HT", "name": "هائیتی" },
  { "code": "HU", "name": "مجارستان" },
  { "code": "ID", "name": "اندونزی" },
  { "code": "IE", "name": "جمهوری ایرلند" },
  { "code": "IL", "name": "فلسطین اشغالی (اسرائیل)" },
  { "code": "IM", "name": "جزیره من" },
  { "code": "IN", "name": "هند" },
  { "code": "IO", "name": "قلمروی اقیانوس هند بریتانیا" },
  { "code": "IQ", "name": "عراق" },
  { "code": "IS", "name": "ایسلند" },
  { "code": "IT", "name": "ایتالیا" },
  { "code": "JE", "name": "ادبیات" },
  { "code": "JM", "name": "جامائیکا" },
  { "code": "JO", "name": "اردن" },
  { "code": "JP", "name": "ژاپن" },
  { "code": "KE", "name": "کنیا" },
  { "code": "KG", "name": "قرقیزستان" },
  { "code": "KH", "name": "کامبوج" },
  { "code": "KI", "name": "کیریباتی" },
  { "code": "KM", "name": "کومور" },
  { "code": "KN", "name": "سنت کیتس و نویس" },
  { "code": "KP", "name": "کره شمالی" },
  { "code": "KR", "name": "کره جنوبی" },
  { "code": "KW", "name": "کویت" },
  { "code": "KY", "name": "جزایر کیمن" },
  { "code": "KZ", "name": "قزاقستان" },
  { "code": "LA", "name": "لائوس" },
  { "code": "LB", "name": "لبنان" },
  { "code": "LC", "name": "سنت لوسیا" },
  { "code": "LI", "name": "لیختن اشتاین" },
  { "code": "LK", "name": "سری لانکا" },
  { "code": "LR", "name": "لیبریا" },
  { "code": "LS", "name": "لسوتو" },
  { "code": "LT", "name": "لیتوانی" },
  { "code": "LU", "name": "لوکزامبورگ" },
  { "code": "LV", "name": "لتونی" },
  { "code": "LY", "name": "لیبی" },
  { "code": "MA", "name": "مراکش" },
  { "code": "MC", "name": "موناکو" },
  { "code": "MD", "name": "مولداوی" },
  { "code": "ME", "name": "مونته نگرو" },
  { "code": "MF", "name": "سنت مارتین فرانسه" },
  { "code": "MG", "name": "ماداگاسکار" },
  { "code": "MH", "name": "جزایر مارشال" },
  { "code": "MK", "name": "جمهوری مقدونیه" },
  { "code": "ML", "name": "مالی" },
  { "code": "MM", "name": "میانمار" },
  { "code": "MN", "name": "مغولستان" },
  { "code": "MO", "name": "ماکائو" },
  { "code": "MP", "name": "جزایر ماریانای شمالی" },
  { "code": "MQ", "name": "مارتینیک" },
  { "code": "MR", "name": "موریتانی" },
  { "code": "MS", "name": "مونتسرات" },
  { "code": "MT", "name": "مالت" },
  { "code": "MU", "name": "موریس" },
  { "code": "MV", "name": "مالدیو" },
  { "code": "MW", "name": "مالاوی" },
  { "code": "MX", "name": "مکزیک" },
  { "code": "MY", "name": "مالزی" },
  { "code": "MZ", "name": "موزامبیک" },
  { "code": "NA", "name": "نامیبیا" },
  { "code": "NC", "name": "کالدونیای جدید" },
  { "code": "NE", "name": "نیجر" },
  { "code": "NF", "name": "جزیره نورفولک" },
  { "code": "NG", "name": "نیجریه" },
  { "code": "NI", "name": "نیکاراگوئه" },
  { "code": "NL", "name": "هلند" },
  { "code": "NO", "name": "نروژ" },
  { "code": "NP", "name": "نپال" },
  { "code": "NR", "name": "نائورو" },
  { "code": "NU", "name": "نیوئه" },
  { "code": "NZ", "name": "نیوزلند" },
  { "code": "OM", "name": "عمان" },
  { "code": "PA", "name": "پاناما" },
  { "code": "PE", "name": "پرو" },
  { "code": "PF", "name": "پلینزی فرانسه" },
  { "code": "PG", "name": "پاپوآ گینه نو" },
  { "code": "PH", "name": "فیلیپین" },
  { "code": "PK", "name": "پاکستان" },
  { "code": "PL", "name": "لهستان" },
  { "code": "PM", "name": "سنت پیر و ماژلان" },
  { "code": "PN", "name": "جزایر پیت‌کرن" },
  { "code": "PR", "name": "پورتوریکو" },
  { "code": "PS", "name": "فلسطین" },
  { "code": "PT", "name": "پرتغال" },
  { "code": "PW", "name": "پالائو" },
  { "code": "PY", "name": "پاراگوئه" },
  { "code": "QA", "name": "قطر" },
  { "code": "RE", "name": "ریونیون" },
  { "code": "RO", "name": "رومانی" },
  { "code": "RS", "name": "صربستان" },
  { "code": "RU", "name": "روسیه" },
  { "code": "RW", "name": "رواندا" },
  { "code": "SA", "name": "عربستان سعودی" },
  { "code": "SB", "name": "جزایر سلیمان" },
  { "code": "SC", "name": "سیشل" },
  { "code": "SD", "name": "سودان" },
  { "code": "SE", "name": "سوئد" },
  { "code": "SG", "name": "سنگاپور" },
  { "code": "SH", "name": "سینت هلینا" },
  { "code": "SI", "name": "اسلوونی" },
  { "code": "SJ", "name": "سوالبارد و یان ماین" },
  { "code": "SK", "name": "اسلواکی" },
  { "code": "SL", "name": "سیرالئون" },
  { "code": "SM", "name": "سن مارینو" },
  { "code": "SN", "name": "سنگال" },
  { "code": "SO", "name": "سومالی" },
  { "code": "SR", "name": "سورینام" },
  { "code": "ST", "name": "سائوتومه و پرینسیپ" },
  { "code": "SV", "name": "السالوادور" },
  { "code": "SX", "name": "سنت مارتین هلند" },
  { "code": "SY", "name": "سوریه" },
  { "code": "SZ", "name": "سوازیلند" },
  { "code": "TC", "name": "جزایر تورکس و کایکوس" },
  { "code": "TD", "name": "چاد" },
  { "code": "TF", "name": "سرزمین‌های قطب جنوب و جنوبی فرانسه" },
  { "code": "TG", "name": "توگو" },
  { "code": "TH", "name": "تایلند" },
  { "code": "TJ", "name": "تاجیکستان" },
  { "code": "TK", "name": "توکلائو" },
  { "code": "TL", "name": "تیمور شرقی" },
  { "code": "TM", "name": "ترکمنستان" },
  { "code": "TN", "name": "تونس" },
  { "code": "TO", "name": "تونگا" },
  { "code": "TR", "name": "ترکیه" },
  { "code": "TT", "name": "ترینیداد و توباگو" },
  { "code": "TV", "name": "تووالو" },
  { "code": "TW", "name": "تایوان" },
  { "code": "TZ", "name": "تانزانیا" },
  { "code": "UA", "name": "اوکراین" },
  { "code": "UG", "name": "اوگاندا" },
  { "code": "UM", "name": "جزایر کوچک حاشیه‌ای آمریکا" },
  { "code": "US", "name": "ایالات متحده" },
  { "code": "UY", "name": "اروگوئه" },
  { "code": "UZ", "name": "ازبکستان" },
  { "code": "VA", "name": "شهر واتیکان" },
  { "code": "VC", "name": "سنت وینسنت و گرنادین" },
  { "code": "VE", "name": "ونزوئلا" },
  { "code": "VG", "name": "جزایر ویرجین بریتانیا" },
  { "code": "VI", "name": "جزایر ویرجین ایالات متحده آمریکا" },
  { "code": "VN", "name": "ویتنام" },
  { "code": "VU", "name": "وانواتو" },
  { "code": "WF", "name": "والیس و فوتونا" },
  { "code": "WS", "name": "ساموآ" },
  { "code": "YE", "name": "یمن" },
  { "code": "YT", "name": "مایوت" },
  { "code": "ZA", "name": "آفریقای جنوبی" },
  { "code": "ZM", "name": "زامبیا" },
  { "code": "ZW", "name": "زیمبابوه" }
]
